label,user_attribute_name,attribute_format,friendly_name,attribute_name,claim_name
Telefonnummer,telephone,basic,Telephone,Telephone,telephone
Registernummer,orgRegisterNumber,xpath,//q1:CommercialRegistrationNumber,LegalEntity,org_register_number
Unternehmensanschrift: Postfach-Postleitzahl,orgPostboxZipCode,xpath,//q1:PostofficeBox//q1:ZipCode,LegalEntity,org_postbox_zip_code
Anschrift Privatperson: Postleitzahl,zipCode,xpath,//p3:ZipCode,PlaceOfResidence,zip_code
Unternehmen: Telefonnummer,orgContactPhone,xpath,//q1:Telephone,LegalEntity,org_contact_phone
Identitätstyp,dataportIdentitaetstyp,basic,PrincipalType,PrincipalType,dataport_identitaetstyp
Nachname,lastName,basic,FamilyNames,FamilyNames,family_name
Geburtsdatum,dateOfBirth,basic,DateOfBirth,DateOfBirth,date_of_birth
Firmenname,orgCompanyName,xpath,//q1:OrganizationName,LegalEntity,org_company_name
Unternehmensanschrift: Ort,orgCity,xpath,//q1:Address//q1:City,LegalEntity,org_city
Anschrift Privatperson: Land,country,xpath,//p3:Country,PlaceOfResidence,country
DatenuebermittlerPseudonymId,elsterDatenuebermittlerPseudonymID,xpath,//q1:ForeignId,LegalEntity,elster_datenuebermittler
Unternehmenseinheit,orgOrganizationUnit,xpath,//q1:OrganizationUnit,LegalEntity,org_company_unit
Anschrift Privatperson: Ort,city,xpath,//p3:City,PlaceOfResidence,city
Favorisierte Sprache,preferredLanguage,basic,Language,Language,preferred_language
Unternehmensanschrift: Straße und Hausnummer,orgStreetAndBuilding,xpath,//q1:Address//q1:StreetAddress,LegalEntity,org_street_and_building
Unternehmensanschrift: Postfach-Nummer,orgPostboxNumber,xpath,//q1:PostofficeBox//q1:PostboxNumber,LegalEntity,org_postbox_number
Akademischer Titel,title,basic,AcademicTitle,AcademicTitle,title
Postfach,dataportInboxID,basic,InboxReference,InboxReference,dataport_inbox_id
Registergericht,orgRegisterCourt,xpath,//q1:CommercialRegistrationCourt,LegalEntity,org_register_court
Unternehmensanschrift: Postfach-Land,orgPostboxCountry,xpath,//q1:PostofficeBox//q1:Country,LegalEntity,org_postbox_country
Unternehmensanschrift: Postleitzahl,orgZipCode,xpath,//q1:Address//q1:ZipCode,LegalEntity,org_zip_code
Unternehmensanschrift: Land,orgCountry,xpath,//q1:Address//q1:Country,LegalEntity,org_country
Mobiltelefonnummer,mobilephone,basic,Cellphone,Cellphone,mobilephone
Geburtsname,birthName,basic,BirthName,BirthName,birth_name
Geschlecht,gender,basic,Gender,Gender,gender
Anrede,salutation,basic,Title,Title,salutation
Vertrauensniveau,trustLevelAuthentication,basic,AssuranceLevel,AssuranceLevel,trust_level_authentication
Anschrift Privatperson: Straße und Hausnummer,streetAndBuilding,xpath,//p3:StreetAddress,PlaceOfResidence,street_and_building
Vorname(n),firstName,basic,GivenNames,GivenNames,given_name
Geburtsort,placeOfBirth,xpath,//p3:Freetext,PlaceOfBirth,place_of_birth
Unternehmen: E-Mail-Adresse,orgContactMail,xpath,//q1:EmailAddress,LegalEntity,org_contact_mail
E-Mail-Adresse,email,basic,EmailAddress,EmailAddress,email
Servicekontotyp,dataportServicekontoType,basic,CitizenProfileType,CitizenProfileType,dataport_servicekonto_type
